DailySalesID,ItemsSold,ItemsSoldIDs,LogTime,SalesDate,TotalCost,TotalProfit,TotalSellingPrice
1,9,"1, 2, 3, 4, 5, 6, 7, 8, 9",2025-04-12 15:35:12,2025-04-11 00:00:00,$176.20,$91.80,$268.00
2,10,"10, 11, 12, 13, 14, 15, 16, 17, 18, 19",2025-04-12 23:04:27,2025-04-12 00:00:00,$236.45,$87.55,$324.00
3,6,"20, 21, 22, 23, 24, 25",2025-04-15 21:46:05,2025-04-14 00:00:00,$35.25,$30.75,$66.00
4,7,"26, 27, 28, 29, 30, 31, 32",2025-04-15 21:46:11,2025-04-15 00:00:00,$47.75,$27.50,$75.00
5,6,"33, 34, 35, 36, 37, 38",2025-04-16 21:06:06,2025-04-16 00:00:00,$24.40,$40.60,$65.00
6,18,"39, 40, 41, 42, 43, 44, 45, 46, 47, 48, 49, 50, 51, 52, 53, 54, 55, 56",2025-04-17 22:53:33,2025-04-17 00:00:00,"$1,935,542.00","$465,113.00","$2,400,655.00"
7,2,"57, 58",2025-04-18 12:16:00,2025-04-18 00:00:00,$9.10,$20.90,$30.00
8,4,"59, 60, 61, 62",2025-04-18 17:56:26,2025-04-18 00:00:00,$6.32,$17.38,$23.70
9,3,"63, 64, 65",2025-04-18 20:15:57,2025-04-18 00:00:00,$38.50,$31.50,$70.00
10,7,"66, 67, 68, 69, 70, 71, 72",2025-04-19 19:22:51,2025-04-19 00:00:00,$18.25,$38.75,$57.00
11,4,"76, 73, 74, 75",2025-04-19 22:23:06,2025-04-19 00:00:00,$10.11,$12.99,$23.10
12,14,"77, 78, 79, 80, 81, 82, 83, 84, 85, 86, 87, 88, 89, 90",2025-04-22 08:16:19,2025-04-21 00:00:00,$75.50,$88.85,$164.35
13,1,91,2025-04-22 12:59:52,2025-04-22 00:00:00,$3.50,$6.50,$10.00
14,12,"92, 93, 94, 95, 96, 97, 98, 99, 100, 101, 102, 103",2025-04-22 23:29:27,2025-04-22 00:00:00,$102.38,$72.30,$174.68
15,2,"104, 105",2025-04-23 13:47:55,2025-04-23 00:00:00,$5.25,$11.75,$17.00
16,5,"106, 107, 108, 109, 110",2025-04-23 17:56:34,2025-04-23 00:00:00,$5.70,$18.40,$24.10
17,4,"114, 111, 112, 113",2025-04-23 23:31:39,2025-04-23 00:00:00,$10.04,$10.30,$20.34
18,3,"115, 116, 117",2025-04-24 14:36:55,2025-04-24 00:00:00,$5.94,$9.39,$15.33
19,5,"118, 119, 120, 121, 122",2025-04-24 19:26:35,2025-04-24 00:00:00,$20.74,$18.95,$39.69
20,1,123,2025-04-24 20:02:50,2025-04-24 00:00:00,$0.65,$5.35,$6.00
21,9,"124, 125, 126, 127, 128, 129, 130, 131, 132",2025-04-25 16:28:16,2025-04-25 00:00:00,$10.42,$32.25,$42.67
22,3,"133, 134, 135",2025-04-26 00:41:12,2025-04-25 00:00:00,$14.45,$6.88,$21.33
23,4,"136, 137, 138, 139",2025-04-26 17:30:24,2025-04-26 00:00:00,$13.49,$12.84,$26.33
24,6,"140, 141, 142, 143, 144, 145",2025-04-28 16:02:05,2025-04-28 00:00:00,$59.34,$15.99,$75.33
25,1,146,2025-04-28 17:26:09,2025-04-28 00:00:00,$8.00,$8.00,$16.00
26,3,"147, 148, 149",2025-04-28 19:04:30,2025-04-28 00:00:00,$154.01,$13.99,$168.00
27,6,"150, 151, 152, 153, 154, 155",2025-04-28 23:14:51,2025-04-28 00:00:00,$36.25,$45.75,$82.00
28,5,"156, 157, 158, 159, 160",2025-04-29 14:37:08,2025-04-29 00:00:00,$36.81,$22.85,$59.66
29,7,"161, 162, 163, 164, 165, 166, 167",2025-04-29 17:41:11,2025-04-29 00:00:00,$62.96,$19.69,$82.65
30,4,"168, 169, 170, 171",2025-04-30 08:10:12,2025-04-29 00:00:00,$28.21,$6.45,$34.66
31,4,"172, 173, 174, 175",2025-04-30 14:19:01,2025-04-30 00:00:00,$35.90,$35.10,$71.00
32,1,176,2025-04-30 14:28:14,2025-04-30 00:00:00,$1.25,$8.75,$10.00
33,1,177,2025-04-30 16:18:34,2025-04-30 00:00:00,$4.00,$11.00,$15.00
34,2,"178, 179",2025-04-30 17:04:30,2025-04-30 00:00:00,$10.00,$22.00,$32.00
35,2,"178, 179",2025-04-30 17:20:42,2025-04-30 00:00:00,$10.00,$22.00,$32.00
36,1,179,2025-04-30 17:21:20,2025-04-30 00:00:00,$4.50,$5.50,$10.00
37,3,"178, 179, 180",2025-04-30 18:06:53,2025-04-30 00:00:00,$12.17,$22.50,$34.67
38,3,"178, 179, 180",2025-04-30 18:11:07,2025-04-30 00:00:00,$12.17,$22.50,$34.67
39,3,"178, 179, 180",2025-04-30 19:07:50,2025-04-30 00:00:00,$12.17,$22.50,$34.67
40,4,"178, 179, 180, 181",2025-04-30 21:13:29,2025-04-30 00:00:00,$15.67,$29.00,$44.67
41,2,"180, 181",2025-04-30 21:16:31,2025-04-30 00:00:00,$5.67,$7.00,$12.67
42,2,"180, 181",2025-04-30 21:17:59,2025-04-30 00:00:00,$5.67,$7.00,$12.67
43,2,"182, 183",2025-04-30 23:54:55,2025-04-30 00:00:00,$6.51,$1.49,$8.00
44,7,"184, 185, 186, 187, 188, 189, 190",2025-05-01 15:05:41,2025-05-01 00:00:00,$85.10,$62.90,$148.00
45,7,"191, 192, 193, 194, 195, 196, 197",2025-05-01 17:49:16,2025-05-01 00:00:00,$165.89,$60.44,$226.33
46,1,198,2025-05-01 19:11:24,2025-05-01 00:00:00,$2.17,$0.50,$2.67
47,2,"199, 200",2025-05-01 21:42:24,2025-05-01 00:00:00,$2.20,$5.80,$8.00
48,6,"201, 202, 203, 204, 205, 206",2025-05-02 14:21:23,2025-05-02 00:00:00,$23.10,$24.10,$47.20
49,3,"207, 208, 209",2025-05-02 19:39:51,2025-05-02 00:00:00,$5.25,$11.75,$17.00
50,1,210,2025-05-03 08:38:06,2025-05-03 00:00:00,$13.02,$0.98,$14.00
51,10,"211, 212, 213, 214, 215, 216, 217, 218, 219, 220",2025-05-03 12:49:25,2025-05-03 00:00:00,$215.25,$59.75,$275.00
52,1,221,2025-05-03 18:37:26,2025-05-03 00:00:00,$1.75,$5.25,$7.00
53,5,"222, 223, 224, 225, 226",2025-05-03 21:39:39,2025-05-03 00:00:00,$15.97,$9.70,$25.67
54,2,"227, 228",2025-05-05 12:36:05,2025-05-05 00:00:00,$2.45,$10.55,$13.00
55,2,"229, 230",2025-05-05 13:59:59,2025-05-05 00:00:00,$3.00,$7.00,$10.00
56,11,"231, 232, 233, 234, 235, 236, 237, 238, 239, 240, 241",2025-05-05 18:43:49,2025-05-05 00:00:00,$258.23,$61.09,$319.32
57,1,242,2025-05-05 21:14:42,2025-05-05 00:00:00,$140.00,$40.00,$180.00
58,2,"243, 244",2025-05-06 13:06:52,2025-05-06 00:00:00,$22.34,$12.99,$35.33
59,2,"243, 244",2025-05-06 13:09:49,2025-05-06 00:00:00,$22.34,$12.99,$35.33
60,3,"245, 246, 247",2025-05-06 20:13:14,2025-05-06 00:00:00,$24.50,$14.50,$39.00
61,1,248,2025-05-07 08:57:56,2025-05-07 00:00:00,$4.34,$0.99,$5.33
62,1,249,2025-05-07 13:48:39,2025-05-07 00:00:00,$2.17,$0.50,$2.67
63,6,"250, 251, 252, 253, 254, 255",2025-05-07 17:26:59,2025-05-07 00:00:00,$10.00,$27.00,$37.00
64,4,"256, 257, 258, 259",2025-05-07 20:54:36,2025-05-07 00:00:00,$7.59,$9.74,$17.33
65,1,260,2025-05-08 12:28:22,2025-05-08 00:00:00,$2.17,$0.50,$2.67
66,3,"261, 262, 263",2025-05-08 17:13:14,2025-05-08 00:00:00,$124.25,$40.75,$165.00
67,4,"264, 265, 266, 267",2025-05-08 21:28:34,2025-05-08 00:00:00,$139.84,$20.49,$160.33
68,2,"266, 267",2025-05-09 09:05:28,2025-05-08 00:00:00,$4.34,$0.99,$5.33
69,2,"266, 267",2025-05-09 09:05:56,2025-05-08 00:00:00,$4.34,$0.99,$5.33
70,2,"266, 267",2025-05-09 09:08:05,2025-05-08 00:00:00,$4.34,$0.99,$5.33
71,2,"266, 267",2025-05-09 09:14:02,2025-05-08 00:00:00,$4.34,$0.99,$5.33
72,1,268,2025-05-09 13:55:34,2025-05-09 00:00:00,$0.45,$4.55,$5.00
73,2,"269, 270",2025-05-09 21:28:11,2025-05-09 00:00:00,$3.67,$4.00,$7.67
74,5,"271, 272, 273, 274, 275",2025-05-10 14:36:19,2025-05-10 00:00:00,$111.92,$27.75,$139.67
75,4,"276, 277, 278, 279",2025-05-10 17:39:32,2025-05-10 00:00:00,$101.95,$21.05,$123.00
76,5,"280, 281, 282, 283, 284",2025-05-10 22:03:53,2025-05-10 00:00:00,$110.35,$34.75,$145.10
77,1,285,2025-05-12 16:08:56,2025-05-12 00:00:00,$1.50,$3.50,$5.00
78,1,286,2025-05-12 21:33:06,2025-05-12 00:00:00,$3.50,$6.50,$10.00
79,3,"287, 288, 289",2025-05-13 19:56:38,2025-05-13 00:00:00,$386.09,$46.24,$432.33
80,1,290,2025-05-13 20:19:43,2025-05-13 00:00:00,$1.25,$3.75,$5.00
81,7,"291, 292, 293, 294, 295, 296, 297",2025-05-14 14:34:40,2025-05-14 00:00:00,$304.67,$51.00,$355.67
82,4,"298, 299, 300, 301",2025-05-14 15:13:35,2025-05-14 00:00:00,$54.40,$23.92,$78.32
83,1,302,2025-05-14 15:23:02,2025-05-14 00:00:00,$2.17,$0.50,$2.67
84,1,303,2025-05-14 15:28:20,2025-05-14 00:00:00,$2.17,$0.50,$2.67
85,5,"304, 305, 306, 307, 308",2025-05-14 20:36:48,2025-05-14 00:00:00,$12.76,$17.24,$30.00
86,3,"309, 310, 311",2025-05-15 14:49:03,2025-05-15 00:00:00,$11.50,$15.50,$27.00
87,8,"312, 313, 314, 315, 316, 317, 318, 319",2025-05-15 20:28:36,2025-05-15 00:00:00,$24.80,$37.53,$62.33
88,7,"320, 321, 322, 323, 324, 325, 326",2025-05-16 16:11:53,2025-05-16 00:00:00,"$1,700,009.60","$1,000,029.40","$2,700,039.00"
89,4,"327, 328, 329, 330",2025-05-16 21:35:32,2025-05-16 00:00:00,$153.97,$26.80,$180.77
90,10,"331, 332, 333, 334, 335, 336, 337, 338, 339, 340",2025-05-17 13:37:04,2025-05-17 00:00:00,$41.79,$48.54,$90.33
91,3,"341, 342, 343",2025-05-17 14:55:39,2025-05-17 00:00:00,$12.00,$15.00,$27.00
92,3,"344, 345, 346",2025-05-17 16:47:29,2025-05-17 00:00:00,$15.90,$24.10,$40.00
93,2,"347, 348",2025-05-17 19:18:29,2025-05-17 00:00:00,$3.25,$8.75,$12.00
94,2,"349, 350",2025-05-19 13:59:27,2025-05-19 00:00:00,$101.50,$13.50,$115.00
95,5,"351, 352, 353, 354, 355",2025-05-19 19:52:32,2025-05-19 00:00:00,$29.30,$28.70,$58.00
96,2,"356, 357",2025-05-19 21:23:24,2025-05-19 00:00:00,$3.67,$6.00,$9.67
97,3,"358, 359, 360",2025-05-20 15:07:54,2025-05-20 00:00:00,$15.34,$12.99,$28.33
98,4,"361, 362, 363, 364",2025-05-20 21:02:55,2025-05-20 00:00:00,$93.17,$42.50,$135.67
99,3,"365, 366, 367",2025-05-21 17:24:38,2025-05-21 00:00:00,$24.65,$31.35,$56.00
100,6,"368, 369, 370, 371, 372, 373",2025-05-21 21:18:12,2025-05-21 00:00:00,$54.17,$29.50,$83.67
101,1,374,2025-05-21 21:36:42,2025-05-21 00:00:00,$16.00,$14.00,$30.00
102,1,375,2025-05-22 08:15:25,2025-05-21 00:00:00,$4.34,$0.99,$5.33
103,4,"376, 377, 378, 379",2025-05-22 18:43:07,2025-05-22 00:00:00,$249.90,$28.10,$278.00
104,1,380,2025-05-22 18:51:08,2025-05-22 00:00:00,$3.00,$7.00,$10.00
105,1,381,2025-05-22 18:52:42,2025-05-22 00:00:00,$2.00,$1.50,$3.50
106,2,"382, 383",2025-05-22 20:12:16,2025-05-22 00:00:00,$24.34,$7.99,$32.33
107,1,384,2025-05-22 20:15:42,2025-05-22 00:00:00,$0.70,$2.30,$3.00
108,5,"385, 386, 387, 388, 389",2025-05-23 14:57:48,2025-05-23 00:00:00,$31.80,$29.30,$61.10
109,7,"390, 391, 392, 393, 394, 395, 396",2025-05-24 08:04:48,2025-05-23 00:00:00,$33.14,$38.19,$71.33
110,6,"397, 398, 399, 400, 401, 402",2025-05-24 15:35:53,2025-05-24 00:00:00,$59.50,$51.50,$111.00
111,2,"403, 404",2025-05-24 17:45:37,2025-05-24 00:00:00,$90.50,$14.50,$105.00
112,1,405,2025-05-24 20:19:57,2025-05-24 00:00:00,$3.50,$6.50,$10.00
113,1,406,2025-05-24 21:28:29,2025-05-24 00:00:00,$3.50,$6.50,$10.00
114,3,"409, 410, 411",2025-05-26 13:59:30,2025-05-26 00:00:00,$4.00,$11.00,$15.00
115,3,"409, 410, 411",2025-05-26 14:09:14,2025-05-26 00:00:00,$4.00,$11.00,$15.00
116,3,"409, 410, 411",2025-05-26 14:13:12,2025-05-26 00:00:00,$4.00,$11.00,$15.00
117,3,"409, 410, 411",2025-05-26 14:13:23,2025-05-26 00:00:00,$4.00,$11.00,$15.00
118,3,"409, 410, 411",2025-05-26 14:15:26,2025-05-26 00:00:00,$4.00,$11.00,$15.00
119,3,"409, 410, 411",2025-05-26 14:21:17,2025-05-26 00:00:00,$4.00,$11.00,$15.00
120,3,"409, 410, 411",2025-05-26 14:32:43,2025-05-26 00:00:00,$4.00,$11.00,$15.00
121,3,"409, 410, 411",2025-05-26 14:32:52,2025-05-26 00:00:00,$4.00,$11.00,$15.00
122,3,"409, 410, 411",2025-05-26 14:38:46,2025-05-26 00:00:00,$4.00,$11.00,$15.00
123,3,"409, 410, 411",2025-05-26 14:38:49,2025-05-26 00:00:00,$4.00,$11.00,$15.00
124,3,"409, 410, 411",2025-05-26 14:38:52,2025-05-26 00:00:00,$4.00,$11.00,$15.00
125,3,"409, 410, 411",2025-05-26 14:39:18,2025-05-26 00:00:00,$4.00,$11.00,$15.00
126,3,"409, 410, 411",2025-05-26 14:42:24,2025-05-26 00:00:00,$4.00,$11.00,$15.00
127,3,"409, 410, 411",2025-05-26 15:38:49,2025-05-26 00:00:00,$4.00,$11.00,$15.00
128,1,413,2025-05-26 16:27:10,2025-05-26 00:00:00,$3.50,$8.50,$12.00
129,2,"411, 413",2025-05-26 16:28:13,2025-05-26 00:00:00,$5.00,$12.00,$17.00
130,2,"414, 415",2025-05-26 16:30:36,2025-05-26 00:00:00,$5.00,$12.00,$17.00
131,2,"416, 417",2025-05-26 16:40:19,2025-05-26 00:00:00,$5.00,$12.00,$17.00
132,2,"418, 419",2025-05-26 16:43:27,2025-05-26 00:00:00,$5.00,$12.00,$17.00
133,2,"411, 413",2025-05-26 18:01:56,2025-05-26 00:00:00,$5.00,$12.00,$17.00
134,2,"411, 413",2025-05-26 18:21:54,2025-05-26 00:00:00,$5.00,$12.00,$17.00
135,2,"411, 413",2025-05-26 18:23:55,2025-05-26 00:00:00,$5.00,$12.00,$17.00
136,5,"411, 413, 420, 421, 422",2025-05-26 18:27:31,2025-05-26 00:00:00,$33.50,$43.50,$77.00
137,6,"411, 423, 424, 425, 426, 427",2025-05-26 21:32:38,2025-05-26 00:00:00,$163.25,$26.75,$190.00
138,1,428,2025-05-27 09:53:17,2025-05-27 00:00:00,$80.00,$25.00,$105.00
139,1,428,2025-05-27 10:31:38,2025-05-27 00:00:00,$80.00,$25.00,$105.00
140,1,428,2025-05-27 10:32:52,2025-05-27 00:00:00,$80.00,$25.00,$105.00
141,1,428,2025-05-27 10:32:56,2025-05-27 00:00:00,$80.00,$25.00,$105.00
142,1,428,2025-05-27 10:34:23,2025-05-27 00:00:00,$80.00,$25.00,$105.00
143,1,428,2025-05-27 10:34:35,2025-05-27 00:00:00,$80.00,$25.00,$105.00
144,1,428,2025-05-27 10:36:17,2025-05-27 00:00:00,$80.00,$25.00,$105.00
145,1,428,2025-05-27 10:39:15,2025-05-27 00:00:00,$80.00,$25.00,$105.00
146,1,428,2025-05-27 10:40:57,2025-05-27 00:00:00,$80.00,$25.00,$105.00
147,4,"428, 429, 430, 431",2025-05-27 17:03:55,2025-05-27 00:00:00,$82.97,$39.70,$122.67
148,6,"428, 429, 430, 431, 432, 433",2025-05-27 20:37:55,2025-05-27 00:00:00,$86.04,$49.29,$135.33
149,8,"428, 429, 430, 431, 432, 433, 434, 435",2025-05-27 20:39:41,2025-05-27 00:00:00,$99.06,$52.27,$151.33
150,7,"428, 429, 430, 431, 432, 433, 434",2025-05-27 20:41:41,2025-05-27 00:00:00,$92.55,$50.78,$143.33
151,7,"428, 429, 430, 431, 432, 433, 434",2025-05-27 20:46:03,2025-05-27 00:00:00,$97.55,$45.78,$143.33
152,7,"428, 429, 430, 431, 432, 433, 434",2025-05-27 20:50:39,2025-05-27 00:00:00,$97.55,$45.78,$143.33
153,1,437,2025-05-28 18:29:24,2025-05-28 00:00:00,$25.00,$10.00,$35.00
154,1,437,2025-05-28 18:49:12,2025-05-28 00:00:00,$25.00,$10.00,$35.00
155,1,437,2025-05-28 18:49:16,2025-05-28 00:00:00,$25.00,$10.00,$35.00
156,1,439,2025-05-28 20:36:44,2025-05-28 00:00:00,$0.80,$0.30,$1.10
157,1,441,2025-05-28 21:48:29,2025-05-28 00:00:00,$10.00,$5.00,$15.00
158,2,"442, 443",2025-05-29 09:21:10,2025-05-29 00:00:00,$68.00,$32.00,$100.00
159,2,"444, 445",2025-05-29 09:23:18,2025-05-29 00:00:00,$20.00,$27.00,$47.00
160,2,"446, 447",2025-05-29 21:13:23,2025-05-29 00:00:00,$7.84,$7.49,$15.33
161,1,448,2025-05-30 14:44:54,2025-05-30 00:00:00,$5.00,$5.00,$10.00
162,3,"448, 449, 450",2025-05-30 14:48:21,2025-05-30 00:00:00,$26.25,$23.75,$50.00
163,7,"451, 452, 453, 454, 455, 456, 457",2025-05-30 17:34:18,2025-05-30 00:00:00,$24.37,$36.63,$61.00
164,2,"458, 459",2025-05-30 19:43:16,2025-05-30 00:00:00,$1.25,$8.75,$10.00
165,2,"460, 461",2025-05-30 21:04:36,2025-05-30 00:00:00,$11.00,$14.00,$25.00
166,4,"462, 463, 464, 465",2025-05-30 21:49:46,2025-05-30 00:00:00,$137.42,$10.45,$147.87
167,1,463,2025-05-30 21:50:06,2025-05-30 00:00:00,$134.00,$11.00,$145.00
168,4,"466, 467, 468, 469",2025-05-31 13:29:14,2025-05-31 00:00:00,$7.00,$143.00,$150.00
169,4,"466, 467, 468, 469",2025-05-31 13:31:18,2025-05-31 00:00:00,$7.00,$143.00,$150.00
170,5,"466, 467, 468, 469, 470",2025-05-31 13:40:18,2025-05-31 00:00:00,$9.17,$143.50,$152.67
171,1,471,2025-05-31 14:16:53,2025-05-31 00:00:00,$1.50,$5.50,$7.00
172,9,"472, 473, 474, 475, 476, 477, 478, 479, 480",2025-05-31 20:11:29,2025-05-31 00:00:00,$32.55,$49.45,$82.00
173,10,"472, 473, 474, 475, 476, 477, 478, 479, 480, 481",2025-05-31 20:29:01,2025-05-31 00:00:00,$41.23,$51.43,$92.66
174,7,"475, 476, 477, 478, 479, 480, 481",2025-05-31 20:34:04,2025-05-31 00:00:00,$26.73,$41.93,$68.66
175,10,"472, 473, 474, 475, 476, 477, 478, 479, 480, 481",2025-05-31 20:34:46,2025-05-31 00:00:00,$41.23,$51.43,$92.66
176,14,"482, 483, 484, 485, 486, 487, 488, 489, 490, 491, 492, 493, 494, 495",2025-06-03 08:10:30,2025-06-02 00:00:00,$135.91,$76.34,$212.25
177,3,"496, 497, 498",2025-06-03 14:44:59,2025-06-03 00:00:00,$7.00,$18.00,$25.00
178,1,499,2025-06-03 16:10:04,2025-06-03 00:00:00,$3.00,$7.00,$10.00
179,8,"500, 501, 502, 503, 504, 505, 506, 507",2025-06-03 20:45:55,2025-06-03 00:00:00,$65.95,$7.72,$73.67
180,9,"508, 509, 510, 511, 512, 513, 514, 515, 516",2025-06-04 19:31:48,2025-06-04 00:00:00,$24.96,$31.91,$56.87
181,1,517,2025-06-04 21:42:28,2025-06-04 00:00:00,$2.17,$0.50,$2.67
182,9,"519, 520, 521, 522, 523, 524, 525, 526, 527",2025-06-05 21:24:08,2025-06-05 00:00:00,$63.20,$61.13,$124.33
183,2,"528, 529",2025-06-06 17:22:42,2025-06-06 00:00:00,$2.97,$6.70,$9.67
184,3,"530, 531, 532",2025-06-06 21:27:32,2025-06-06 00:00:00,$32.50,$32.50,$65.00
185,1,533,2025-06-06 21:28:50,2025-06-06 00:00:00,$0.80,$0.30,$1.10
186,5,"534, 535, 536, 537, 538",2025-06-07 15:18:19,2025-06-07 00:00:00,$26.79,$33.54,$60.33
187,2,"539, 540",2025-06-07 20:32:02,2025-06-07 00:00:00,$10.17,$7.50,$17.67
188,1,541,2025-06-09 11:04:22,2025-06-09 00:00:00,$0.65,$2.35,$3.00
189,1,542,2025-06-09 17:20:30,2025-06-09 00:00:00,$21.00,$19.00,$40.00
190,3,"543, 544, 545",2025-06-09 21:25:01,2025-06-09 00:00:00,$22.84,$12.49,$35.33
191,3,"543, 544, 545",2025-06-09 21:51:10,2025-06-09 00:00:00,$22.84,$12.49,$35.33
192,6,"546, 547, 548, 549, 550, 551",2025-06-10 16:26:07,2025-06-10 00:00:00,$82.55,$30.45,$113.00
193,5,"552, 553, 554, 555, 556",2025-06-10 21:28:14,2025-06-10 00:00:00,$14.49,$11.84,$26.33
194,1,557,2025-06-10 21:34:23,2025-06-10 00:00:00,$8.68,$1.98,$10.66
195,9,"558, 559, 560, 561, 562, 563, 564, 565, 566",2025-06-11 18:37:54,2025-06-11 00:00:00,$43.67,$57.00,$100.67
196,6,"567, 568, 569, 570, 571, 572",2025-06-12 08:19:33,2025-06-11 00:00:00,$50.88,$68.58,$119.46
197,9,"573, 574, 575, 576, 577, 578, 579, 580, 581",2025-06-12 14:47:25,2025-06-12 00:00:00,$48.04,$35.59,$83.63
198,4,"582, 583, 584, 585",2025-06-12 19:00:43,2025-06-12 00:00:00,$12.15,$29.85,$42.00
199,6,"586, 587, 588, 589, 590, 591",2025-06-12 21:43:33,2025-06-12 00:00:00,$11.58,$27.88,$39.46
200,14,"592, 593, 594, 595, 596, 597, 598, 599, 600, 601, 602, 603, 604, 605",2025-06-13 20:52:50,2025-06-13 00:00:00,$164.20,$59.32,$223.52
201,15,"606, 607, 608, 609, 610, 611, 612, 613, 614, 615, 616, 618, 619, 620, 621",2025-06-14 19:17:24,2025-06-14 00:00:00,$153.44,$61.09,$214.53
202,7,"622, 623, 624, 625, 626, 627, 628",2025-06-14 19:59:29,2025-06-14 00:00:00,$249.35,$31.65,$281.00
203,2,"630, 631",2025-06-16 16:39:24,2025-06-14 00:00:00,$7.67,$10.00,$17.67
204,1,632,2025-06-16 16:39:29,2025-06-15 00:00:00,$4.34,$0.99,$5.33
205,6,"633, 634, 635, 636, 637, 638",2025-06-16 17:50:08,2025-06-16 00:00:00,$22.95,$21.05,$44.00
206,1,632,2025-06-16 21:24:59,2025-06-15 00:00:00,$4.34,$0.99,$5.33
207,10,"633, 634, 635, 636, 637, 638, 639, 640, 641, 642",2025-06-16 21:25:02,2025-06-16 00:00:00,$29.12,$36.54,$65.66
208,1,632,2025-06-16 21:25:07,2025-06-15 00:00:00,$4.34,$0.99,$5.33
209,10,"633, 634, 635, 636, 637, 638, 639, 640, 641, 642",2025-06-16 21:25:13,2025-06-16 00:00:00,$29.12,$36.54,$65.66
210,4,"643, 644, 645, 646",2025-06-17 10:41:05,2025-06-17 00:00:00,$22.94,$17.69,$40.63
211,5,"647, 648, 649, 650, 651",2025-06-17 17:05:37,2025-06-17 00:00:00,$614.50,$37.50,$652.00
212,2,"652, 653",2025-06-17 20:49:19,2025-06-17 00:00:00,$8.75,$8.47,$17.22
213,2,"654, 655",2025-06-18 10:24:43,2025-06-18 00:00:00,$5.00,$12.00,$17.00
214,8,"656, 657, 658, 659, 660, 661, 662, 663",2025-06-18 13:55:01,2025-06-18 00:00:00,$68.39,$59.04,$127.43
215,3,"664, 665, 666",2025-06-18 17:31:21,2025-06-18 00:00:00,$5.17,$9.50,$14.67
216,4,"667, 668, 669, 670",2025-06-18 18:38:13,2025-06-18 00:00:00,$316.20,$20.80,$337.00
217,4,"667, 668, 669, 670",2025-06-18 18:38:20,2025-06-18 00:00:00,$316.20,$20.80,$337.00
218,4,"667, 668, 669, 670",2025-06-18 18:58:51,2025-06-18 00:00:00,$316.20,$20.80,$337.00
219,8,"672, 673, 674, 667, 668, 669, 670, 671",2025-06-18 19:51:45,2025-06-18 00:00:00,$348.54,$48.79,$397.33
220,1,675,2025-06-18 19:55:05,2025-06-18 00:00:00,$3.50,$8.50,$12.00
221,1,676,2025-06-18 20:17:48,2025-06-18 00:00:00,$2.88,$0.38,$3.26
222,1,677,2025-06-18 20:18:21,2025-06-18 00:00:00,$0.65,$5.35,$6.00
223,1,678,2025-06-18 21:37:30,2025-06-18 00:00:00,$1.50,$5.50,$7.00
224,11,"679, 680, 681, 682, 683, 684, 685, 686, 687, 688, 689",2025-06-19 17:31:16,2025-06-19 00:00:00,$524.54,$50.76,$575.30
225,1,690,2025-06-19 17:32:22,2025-06-19 00:00:00,$13.00,$12.00,$25.00
226,7,"691, 692, 693, 694, 695, 696, 697",2025-06-19 21:30:13,2025-06-19 00:00:00,$123.79,$30.54,$154.33
227,7,"698, 699, 700, 701, 702, 703, 704",2025-06-20 16:20:48,2025-06-20 00:00:00,$32.14,$33.29,$65.43
228,1,705,2025-06-20 19:49:19,2025-06-20 00:00:00,$0.80,$0.30,$1.10
229,1,705,2025-06-20 19:49:35,2025-06-20 00:00:00,$0.80,$0.30,$1.10
230,3,"705, 706, 707",2025-06-20 21:16:23,2025-06-20 00:00:00,$66.80,$39.30,$106.10
231,5,"708, 709, 710, 711, 712",2025-06-21 16:48:04,2025-06-21 00:00:00,$47.23,$26.33,$73.56
232,2,"713, 714",2025-06-23 12:10:05,2025-06-23 00:00:00,$12.50,$9.50,$22.00
233,1,715,2025-06-23 13:39:46,2025-06-23 00:00:00,$2.88,$0.38,$3.26
234,3,"715, 716, 717",2025-06-23 13:52:27,2025-06-23 00:00:00,$9.38,$11.88,$21.26
235,6,"718, 719, 720, 721, 722, 723",2025-06-23 16:53:56,2025-06-23 00:00:00,$101.70,$57.96,$159.66
236,5,"724, 725, 726, 727, 728",2025-06-23 19:43:45,2025-06-23 00:00:00,$9.84,$16.49,$26.33
237,7,"724, 725, 726, 727, 728, 729, 730",2025-06-23 20:30:29,2025-06-23 00:00:00,$14.34,$23.99,$38.33
238,2,"731, 732",2025-06-24 12:55:05,2025-06-24 00:00:00,$6.67,$8.00,$14.67
239,1,733,2025-06-24 16:32:17,2025-06-24 00:00:00,$18.50,$6.50,$25.00
240,1,733,2025-06-24 16:35:52,2025-06-24 00:00:00,$18.50,$6.50,$25.00
241,1,733,2025-06-24 16:41:08,2025-06-24 00:00:00,$18.50,$6.50,$25.00
242,9,"734, 735, 736, 737, 738, 739, 740, 741, 742",2025-06-24 17:56:09,2025-06-24 00:00:00,$343.62,$39.49,$383.11
243,4,"743, 744, 745, 746",2025-06-25 11:30:57,2025-06-25 00:00:00,$23.75,$33.25,$57.00
244,5,"747, 748, 749, 750, 751",2025-06-25 14:52:50,2025-06-25 00:00:00,$51.25,$33.75,$85.00
245,9,"752, 753, 754, 755, 756, 757, 758, 759, 760",2025-06-25 17:40:11,2025-06-25 00:00:00,$39.10,$56.00,$95.10
246,1,761,2025-06-25 20:33:50,2025-06-25 00:00:00,$4.34,$0.99,$5.33
247,2,"762, 763",2025-06-25 20:38:10,2025-06-25 00:00:00,$34.75,$22.25,$57.00
248,1,764,2025-06-26 11:33:24,2025-06-26 00:00:00,$3.25,$1.75,$5.00
249,1,764,2025-06-26 11:34:53,2025-06-26 00:00:00,$3.25,$1.75,$5.00
250,1,764,2025-06-26 11:35:34,2025-06-26 00:00:00,$3.25,$1.75,$5.00
251,2,"764, 766",2025-06-26 12:23:18,2025-06-26 00:00:00,$5.42,$2.25,$7.67
252,4,"764, 766, 767, 768",2025-06-26 14:26:55,2025-06-26 00:00:00,$8.17,$11.50,$19.67
253,2,"769, 770",2025-06-26 17:11:18,2025-06-26 00:00:00,$9.00,$11.00,$20.00
254,3,"771, 772, 773",2025-06-26 19:24:55,2025-06-26 00:00:00,$4.75,$10.25,$15.00
255,3,"774, 775, 776",2025-06-26 19:32:11,2025-06-26 00:00:00,$601.25,$43.75,$645.00
256,2,"777, 778",2025-06-26 21:03:07,2025-06-26 00:00:00,$179.17,$3.50,$182.67
257,2,"779, 780",2025-06-27 14:30:41,2025-06-27 00:00:00,$3.00,$7.00,$10.00
258,5,"785, 781, 782, 783, 784",2025-06-27 14:53:03,2025-06-27 00:00:00,$55.20,$41.80,$97.00
259,4,"786, 787, 788, 789",2025-06-27 19:56:53,2025-06-27 00:00:00,$7.50,$27.50,$35.00
260,4,"790, 791, 792, 793",2025-06-27 21:30:17,2025-06-27 00:00:00,$40.01,$7.99,$48.00
261,7,"794, 795, 796, 797, 798, 799, 800",2025-06-28 19:30:32,2025-06-28 00:00:00,$183.04,$68.96,$252.00
262,2,"801, 802",2025-06-30 22:10:18,2025-06-28 00:00:00,$1.60,$4.50,$6.10
263,9,"803, 804, 805, 806, 807, 808, 809, 810, 811",2025-06-30 22:10:28,2025-06-30 00:00:00,$85.72,$71.28,$157.00
264,5,"812, 813, 814, 815, 816",2025-07-01 12:06:54,2025-07-01 00:00:00,$89.11,$12.09,$101.20
265,6,"817, 818, 819, 820, 821, 822",2025-07-01 20:58:19,2025-07-01 00:00:00,$23.55,$38.45,$62.00
266,6,"824, 825, 826, 827, 828, 829",2025-07-02 16:05:23,2025-07-02 00:00:00,$41.62,$32.38,$74.00
267,1,830,2025-07-02 19:31:53,2025-07-02 00:00:00,$5.00,$5.00,$10.00
268,1,830,2025-07-02 20:53:13,2025-07-02 00:00:00,$5.00,$5.00,$10.00
269,10,"831, 832, 833, 834, 835, 836, 837, 838, 839, 840",2025-07-03 20:43:40,2025-07-03 00:00:00,$39.22,$55.70,$94.92
270,4,"841, 842, 843, 844",2025-07-03 21:21:31,2025-07-03 00:00:00,$178.00,$17.00,$195.00
271,2,"845, 846",2025-07-03 21:37:36,2025-07-03 00:00:00,$9.25,$17.75,$27.00
272,6,"847, 848, 849, 850, 851, 852",2025-07-03 22:11:37,2025-07-03 00:00:00,$9.40,$29.60,$39.00
273,1,853,2025-07-04 11:13:37,2025-07-04 00:00:00,$7.87,$7.13,$15.00
274,8,"853, 854, 855, 856, 857, 858, 859, 860",2025-07-04 17:12:23,2025-07-04 00:00:00,$29.12,$28.31,$57.43
275,16,"853, 854, 855, 856, 857, 858, 859, 860, 861, 862, 863, 864, 865, 866, 867, 868",2025-07-04 21:55:39,2025-07-04 00:00:00,$86.10,$67.79,$153.89
276,10,"869, 870, 871, 872, 873, 874, 875, 876, 877, 878",2025-07-05 17:07:47,2025-07-05 00:00:00,$58.50,$86.50,$145.00
277,5,"879, 880, 881, 882, 883",2025-07-05 21:49:19,2025-07-05 00:00:00,$137.87,$12.80,$150.67
278,8,"884, 885, 886, 887, 888, 889, 890, 891",2025-07-07 15:45:21,2025-07-07 00:00:00,$40.25,$32.07,$72.32
279,4,"892, 893, 894, 895",2025-07-07 21:07:13,2025-07-07 00:00:00,$6.67,$9.00,$15.67
280,12,"896, 897, 898, 899, 900, 901, 902, 903, 904, 905, 906, 907",2025-07-08 20:47:41,2025-07-08 00:00:00,$56.23,$55.07,$111.30
281,5,"908, 909, 910, 911, 912",2025-07-09 18:24:31,2025-07-09 00:00:00,$49.18,$18.92,$68.10
282,5,"913, 914, 915, 916, 917",2025-07-09 21:48:28,2025-07-09 00:00:00,$132.53,$34.47,$167.00
283,2,"918, 919",2025-07-10 12:44:55,2025-07-10 00:00:00,$32.00,$1.50,$33.50
284,2,"920, 921",2025-07-10 18:48:42,2025-07-10 00:00:00,$10.87,$14.13,$25.00
285,2,"920, 921",2025-07-10 18:49:18,2025-07-10 00:00:00,$10.87,$14.13,$25.00
286,3,"922, 923, 924",2025-07-10 21:08:40,2025-07-10 00:00:00,$26.04,$0.36,$26.40
287,2,"925, 926",2025-07-10 21:22:00,2025-07-10 00:00:00,$4.34,$0.99,$5.33
288,2,"927, 928",2025-07-10 21:27:34,2025-07-10 00:00:00,$7.00,$12.00,$19.00
289,12,"929, 930, 931, 932, 933, 934, 935, 936, 937, 938, 939, 940",2025-07-11 19:04:40,2025-07-11 00:00:00,$762.53,$104.03,$866.56
290,2,"941, 942",2025-07-11 20:55:41,2025-07-11 00:00:00,$7.25,$16.75,$24.00
291,3,"943, 944, 945",2025-07-12 12:59:08,2025-07-12 00:00:00,$20.25,$24.75,$45.00
292,5,"946, 947, 948, 949, 950",2025-07-12 19:14:25,2025-07-12 00:00:00,$8.34,$21.99,$30.33
293,3,"951, 952, 953",2025-07-12 21:36:29,2025-07-12 00:00:00,$8.50,$18.50,$27.00
294,19,"954, 955, 956, 957, 958, 959, 960, 961, 962, 963, 964, 965, 966, 967, 968, 969, 970, 971, 972",2025-07-14 20:21:48,2025-07-14 00:00:00,$180.61,$107.72,$288.33
295,2,"973, 974",2025-07-15 16:38:16,2025-07-14 00:00:00,$6.50,$8.50,$15.00
296,13,"975, 976, 977, 978, 979, 980, 981, 982, 983, 984, 985, 986, 987",2025-07-15 16:38:31,2025-07-15 00:00:00,$137.47,$43.86,$181.33
297,4,"988, 989, 990, 991",2025-07-15 20:17:19,2025-07-15 00:00:00,$17.01,$13.99,$31.00
298,11,"993, 994, 995, 996, 997, 998, 999, 1000, 1001, 1002, 1003",2025-07-16 20:16:49,2025-07-16 00:00:00,$55.38,$46.28,$101.66
299,2,"1004, 1005",2025-07-16 21:35:20,2025-07-16 00:00:00,$52.17,$0.50,$52.67
300,6,"1006, 1007, 1008, 1009, 1010, 1011",2025-07-17 14:47:23,2025-07-17 00:00:00,$7.99,$8.77,$16.76
301,8,"1012, 1013, 1014, 1015, 1016, 1017, 1018, 1019",2025-07-17 21:43:52,2025-07-17 00:00:00,$73.50,$48.67,$122.17
302,4,"1020, 1021, 1022, 1023",2025-07-18 12:54:09,2025-07-18 00:00:00,$20.05,$23.05,$43.10
303,8,"1024, 1025, 1026, 1027, 1028, 1029, 1030, 1031",2025-07-18 16:53:40,2025-07-18 00:00:00,$90.86,$27.14,$118.00
304,5,"1032, 1033, 1034, 1035, 1036",2025-07-18 20:40:35,2025-07-18 00:00:00,$53.45,$34.55,$88.00
305,6,"1032, 1033, 1034, 1035, 1036, 1037",2025-07-18 21:50:07,2025-07-18 00:00:00,$55.62,$35.05,$90.67
306,8,"1038, 1039, 1040, 1041, 1042, 1043, 1044, 1045",2025-07-19 18:57:33,2025-07-19 00:00:00,$38.85,$44.15,$83.00
307,6,"1046, 1047, 1048, 1049, 1050, 1051",2025-07-21 14:55:30,2025-07-21 00:00:00,$28.75,$41.75,$70.50
308,4,"1052, 1053, 1054, 1055",2025-07-21 21:35:53,2025-07-21 00:00:00,$29.62,$21.49,$51.11
309,13,"1056, 1057, 1058, 1059, 1060, 1061, 1062, 1063, 1065, 1066, 1067, 1068, 1069",2025-07-22 18:23:18,2025-07-22 00:00:00,$119.33,$43.77,$163.10
310,7,"1070, 1071, 1072, 1073, 1074, 1075, 1076",2025-07-22 21:22:17,2025-07-22 00:00:00,$35.18,$47.48,$82.66
311,7,"1070, 1071, 1072, 1073, 1074, 1075, 1076",2025-07-22 21:23:52,2025-07-22 00:00:00,$35.18,$47.48,$82.66
312,2,"1077, 1078",2025-07-23 12:08:46,2025-07-23 00:00:00,$41.50,$19.50,$61.00
313,3,"1077, 1078, 1079",2025-07-23 12:09:07,2025-07-23 00:00:00,$44.00,$25.00,$69.00
314,1,1080,2025-07-23 12:58:33,2025-07-23 00:00:00,$6.50,$1.50,$8.00
315,10,"1080, 1081, 1082, 1083, 1084, 1085, 1086, 1087, 1088, 1089",2025-07-23 17:25:42,2025-07-23 00:00:00,$54.18,$38.74,$92.92
316,3,"1090, 1091, 1092",2025-07-24 16:55:44,2025-07-24 00:00:00,$4.75,$20.25,$25.00
317,1,1093,2025-07-24 21:55:27,2025-07-24 00:00:00,$1.75,$8.25,$10.00
318,6,"1094, 1095, 1096, 1097, 1098, 1099",2025-07-25 16:33:05,2025-07-25 00:00:00,$41.00,$38.00,$79.00
319,10,"1094, 1095, 1096, 1097, 1098, 1099, 1100, 1101, 1102, 1103",2025-07-25 18:12:59,2025-07-25 00:00:00,$79.05,$69.95,$149.00
320,15,"1094, 1095, 1096, 1097, 1098, 1099, 1100, 1101, 1102, 1103, 1104, 1105, 1106, 1107, 1108",2025-07-25 20:42:57,2025-07-25 00:00:00,$123.85,$109.15,$233.00
321,1,1109,2025-07-25 20:46:39,2025-07-25 00:00:00,$20.00,$10.00,$30.00
322,2,"1110, 1111",2025-07-25 21:35:47,2025-07-25 00:00:00,$5.67,$7.00,$12.67
323,2,"1112, 1113",2025-07-26 15:36:32,2025-07-26 00:00:00,$12.65,$9.65,$22.30
324,9,"1112, 1113, 1114, 1115, 1116, 1117, 1118, 1119, 1120",2025-07-26 19:58:03,2025-07-26 00:00:00,$138.75,$88.05,$226.80
325,9,"1112, 1113, 1114, 1115, 1116, 1117, 1118, 1119, 1120",2025-07-26 22:01:09,2025-07-26 00:00:00,$138.75,$88.05,$226.80
326,6,"1121, 1122, 1123, 1124, 1125, 1126",2025-07-28 15:45:26,2025-07-28 00:00:00,$187.80,$27.20,$215.00
327,2,"1127, 1128",2025-07-28 21:25:24,2025-07-28 00:00:00,$21.25,$13.75,$35.00
328,2,"1129, 1130",2025-07-29 13:45:10,2025-07-29 00:00:00,$16.50,$19.50,$36.00
329,15,"1129, 1130, 1131, 1132, 1133, 1134, 1135, 1136, 1137, 1138, 1139, 1140, 1141, 1142, 1143",2025-07-29 18:46:17,2025-07-29 00:00:00,$113.95,$110.27,$224.22
330,20,"1129, 1130, 1131, 1132, 1133, 1134, 1135, 1136, 1137, 1138, 1139, 1140, 1141, 1142, 1143, 1144, 1145, 1146, 1147, 1148",2025-07-29 21:34:59,2025-07-29 00:00:00,$143.85,$130.57,$274.42
331,20,"1129, 1130, 1131, 1132, 1133, 1134, 1135, 1136, 1137, 1138, 1139, 1140, 1141, 1142, 1143, 1144, 1145, 1146, 1147, 1148",2025-07-29 21:37:26,2025-07-29 00:00:00,$143.85,$130.57,$274.42
332,12,"1149, 1150, 1151, 1152, 1153, 1154, 1155, 1156, 1157, 1158, 1159, 1160",2025-07-30 20:40:54,2025-07-30 00:00:00,$134.09,$59.24,$193.33
333,12,"1149, 1150, 1151, 1152, 1153, 1154, 1155, 1156, 1157, 1158, 1159, 1160",2025-07-30 20:40:59,2025-07-30 00:00:00,$134.09,$59.24,$193.33
334,1,1161,2025-07-30 21:02:24,2025-07-30 00:00:00,$12.00,$10.00,$22.00
335,1,1161,2025-07-30 21:02:48,2025-07-30 00:00:00,$12.00,$10.00,$22.00
336,15,"1162, 1163, 1164, 1165, 1166, 1167, 1168, 1169, 1170, 1171, 1172, 1173, 1174, 1175, 1176",2025-07-31 18:03:12,2025-07-31 00:00:00,$62.65,$81.30,$143.95
337,1,1177,2025-07-31 18:28:22,2025-07-31 00:00:00,$159.00,$11.00,$170.00
338,6,"1177, 1178, 1179, 1180, 1181, 1182",2025-07-31 21:25:21,2025-07-31 00:00:00,$182.17,$25.70,$207.87
339,1,1183,2025-08-01 22:00:49,2025-07-31 00:00:00,$4.34,$0.99,$5.33
340,20,"1184, 1185, 1186, 1187, 1188, 1189, 1190, 1191, 1192, 1193, 1194, 1195, 1196, 1197, 1198, 1199, 1200, 1201, 1202, 1203",2025-08-01 22:02:00,2025-08-01 00:00:00,$260.53,$123.46,$383.99
341,7,"1204, 1205, 1206, 1207, 1208, 1209, 1210",2025-08-02 15:26:36,2025-08-02 00:00:00,$52.90,$27.30,$80.20
342,2,"1211, 1212",2025-08-02 17:43:59,2025-08-02 00:00:00,$4.40,$17.60,$22.00
343,2,"1213, 1214",2025-08-02 18:39:21,2025-08-02 00:00:00,$2.80,$14.20,$17.00
344,2,"1213, 1214",2025-08-02 18:58:08,2025-08-02 00:00:00,$2.80,$14.20,$17.00
345,2,"1213, 1214",2025-08-02 21:00:44,2025-08-02 00:00:00,$2.80,$14.20,$17.00
346,17,"1215, 1216, 1217, 1218, 1219, 1220, 1221, 1222, 1223, 1224, 1225, 1226, 1227, 1228, 1229, 1230, 1231",2025-08-04 22:00:18,2025-08-04 00:00:00,$226.30,$114.20,$340.50
347,19,"1235, 1236, 1237, 1238, 1239, 1240, 1241, 1242, 1243, 1244, 1245, 1246, 1247, 1248, 1249, 1250, 1232, 1233, 1234",2025-08-05 21:28:19,2025-08-05 00:00:00,$178.35,$85.31,$263.66
348,3,"1251, 1252, 1253",2025-08-06 09:57:57,2025-08-06 00:00:00,$49.00,$19.00,$68.00
349,3,"1251, 1252, 1253",2025-08-06 09:58:28,2025-08-06 00:00:00,$49.00,$19.00,$68.00
350,3,"1251, 1252, 1253",2025-08-06 09:58:39,2025-08-06 00:00:00,$49.00,$19.00,$68.00
351,10,"1251, 1252, 1253, 1254, 1255, 1256, 1257, 1258, 1259, 1260",2025-08-06 21:39:35,2025-08-06 00:00:00,$98.59,$52.30,$150.89
352,4,"1261, 1262, 1263, 1264",2025-08-07 17:45:57,2025-08-07 00:00:00,$34.40,$25.93,$60.33
353,6,"1265, 1266, 1267, 1268, 1269, 1270",2025-08-07 21:02:02,2025-08-07 00:00:00,$82.70,$24.55,$107.25
354,4,"1271, 1272, 1273, 1274",2025-08-08 14:46:20,2025-08-08 00:00:00,$32.00,$33.00,$65.00
355,14,"1271, 1272, 1273, 1274, 1275, 1276, 1277, 1278, 1279, 1280, 1281, 1282, 1283, 1284",2025-08-08 21:19:44,2025-08-08 00:00:00,$67.04,$83.43,$150.47
356,13,"1285, 1286, 1287, 1288, 1289, 1290, 1291, 1292, 1293, 1294, 1295, 1296, 1297",2025-08-09 19:50:56,2025-08-09 00:00:00,$105.98,$89.47,$195.45
357,1,1298,2025-08-09 21:30:41,2025-08-09 00:00:00,$4.50,$5.50,$10.00
358,4,"1299, 1300, 1301, 1302",2025-08-11 17:00:27,2025-08-11 00:00:00,$12.30,$28.70,$41.00
359,1,1303,2025-08-11 21:26:19,2025-08-11 00:00:00,$5.75,$6.25,$12.00
360,6,"1304, 1305, 1306, 1307, 1308, 1309",2025-08-13 07:50:54,2025-08-12 00:00:00,$21.90,$24.07,$45.97
361,10,"1313, 1314, 1315, 1316, 1317, 1318, 1319, 1320, 1310, 1311",2025-08-13 21:41:47,2025-08-13 00:00:00,$24.05,$52.95,$77.00
362,9,"1321, 1322, 1323, 1324, 1325, 1326, 1327, 1328, 1329",2025-08-14 17:00:13,2025-08-14 00:00:00,$90.30,$56.20,$146.50
363,12,"1330, 1331, 1332, 1333, 1334, 1335, 1336, 1337, 1338, 1339, 1340, 1341",2025-08-15 17:02:08,2025-08-15 00:00:00,$67.21,$73.35,$140.56
364,5,"1342, 1343, 1344, 1345, 1346",2025-08-16 13:24:30,2025-08-16 00:00:00,$63.37,$26.63,$90.00
365,5,"1342, 1343, 1344, 1345, 1346",2025-08-16 13:26:50,2025-08-16 00:00:00,$63.37,$26.63,$90.00
366,9,"1347, 1348, 1349, 1350, 1351, 1352, 1353, 1354, 1355",2025-08-16 19:34:06,2025-08-16 00:00:00,$205.90,$71.10,$277.00
367,4,"1356, 1357, 1358, 1359",2025-08-16 19:57:24,2025-08-16 00:00:00,$67.50,$47.50,$115.00
368,1,1360,2025-08-18 12:55:51,2025-08-18 00:00:00,$4.00,$6.00,$10.00
369,1,1360,2025-08-18 12:56:09,2025-08-18 00:00:00,$4.00,$6.00,$10.00
370,1,1360,2025-08-18 12:56:29,2025-08-18 00:00:00,$4.00,$6.00,$10.00
371,3,"1361, 1362, 1363",2025-08-18 16:08:07,2025-08-18 00:00:00,$15.44,$11.19,$26.63
372,1,1364,2025-08-18 16:09:38,2025-08-18 00:00:00,$19.00,$16.00,$35.00
373,4,"1365, 1366, 1367, 1368",2025-08-18 18:00:16,2025-08-18 00:00:00,$129.20,$23.47,$152.67
374,4,"1369, 1370, 1371, 1372",2025-08-18 21:00:00,2025-08-18 00:00:00,$21.50,$39.50,$61.00
375,10,"1373, 1374, 1375, 1376, 1377, 1378, 1379, 1380, 1381, 1382",2025-08-19 16:50:59,2025-08-19 00:00:00,$364.65,$60.68,$425.33
376,4,"1383, 1384, 1385, 1386",2025-08-19 18:09:46,2025-08-19 00:00:00,$45.00,$35.00,$80.00
377,4,"1387, 1388, 1389, 1390",2025-08-19 21:41:30,2025-08-19 00:00:00,$15.20,$17.47,$32.67
378,4,"1387, 1388, 1389, 1390",2025-08-19 21:42:30,2025-08-19 00:00:00,$15.20,$17.47,$32.67
379,4,"1387, 1388, 1389, 1390",2025-08-19 21:43:39,2025-08-19 00:00:00,$15.20,$17.47,$32.67
380,12,"1391, 1392, 1393, 1394, 1395, 1396, 1397, 1398, 1399, 1400, 1401, 1402",2025-08-20 16:36:11,2025-08-20 00:00:00,"$1,328.25",$63.00,"$1,391.25"
381,5,"1403, 1404, 1405, 1406, 1407",2025-08-20 21:26:50,2025-08-20 00:00:00,$44.46,$16.44,$60.90
382,6,"1403, 1404, 1405, 1406, 1407, 1408",2025-08-20 21:30:52,2025-08-20 00:00:00,$51.46,$19.44,$70.90
383,8,"1409, 1410, 1411, 1412, 1413, 1414, 1415, 1416",2025-08-21 19:18:35,2025-08-21 00:00:00,$25.24,$23.08,$48.32
384,1,1417,2025-08-21 21:34:30,2025-08-21 00:00:00,$2.20,$0.47,$2.67
385,9,"1418, 1419, 1420, 1421, 1422, 1423, 1424, 1425, 1426",2025-08-22 16:51:25,2025-08-22 00:00:00,$36.94,$31.46,$68.40
386,9,"1427, 1428, 1429, 1430, 1431, 1432, 1433, 1434, 1435",2025-08-22 21:15:04,2025-08-22 00:00:00,$54.00,$34.80,$88.80
387,17,"1436, 1437, 1438, 1439, 1440, 1441, 1442, 1443, 1444, 1445, 1446, 1447, 1448, 1449, 1450, 1451, 1452",2025-08-23 19:14:04,2025-08-23 00:00:00,$65.25,$86.20,$151.45
388,1,1453,2025-08-23 19:20:35,2025-08-23 00:00:00,$4.92,$0.75,$5.67
389,1,1453,2025-08-23 19:20:44,2025-08-23 00:00:00,$4.92,$0.75,$5.67
390,6,"1454, 1455, 1456, 1457, 1458, 1459",2025-08-25 14:01:23,2025-08-25 00:00:00,$49.75,$42.02,$91.77
391,6,"1460, 1461, 1462, 1463, 1464, 1465",2025-08-25 21:15:34,2025-08-25 00:00:00,$35.24,$24.65,$59.89
392,5,"1473, 1474, 1475, 1476, 1477",2025-08-26 17:39:59,2025-08-26 00:00:00,$16.75,$28.25,$45.00
393,12,"1466, 1467, 1468, 1469, 1470, 1471, 1472, 1473, 1474, 1475, 1476, 1477",2025-08-26 17:40:46,2025-08-26 00:00:00,$90.45,$58.22,$148.67
394,7,"1478, 1479, 1480, 1481, 1482, 1483, 1484",2025-08-26 21:36:50,2025-08-26 00:00:00,$64.33,$55.80,$120.13
395,6,"1485, 1486, 1487, 1488, 1489, 1490",2025-08-27 15:26:16,2025-08-27 00:00:00,$94.95,$34.72,$129.67
396,7,"1491, 1492, 1493, 1494, 1495, 1496, 1497",2025-08-27 20:37:11,2025-08-27 00:00:00,$37.85,$31.15,$69.00
397,1,1498,2025-08-27 21:22:36,2025-08-27 00:00:00,$10.00,$10.00,$20.00
398,8,"1499, 1500, 1501, 1502, 1503, 1504, 1505, 1506",2025-08-28 21:55:40,2025-08-28 00:00:00,$31.05,$31.61,$62.66
399,3,"1507, 1508, 1509",2025-08-29 12:14:26,2025-08-29 00:00:00,$25.28,$5.16,$30.44
400,12,"1510, 1511, 1512, 1513, 1514, 1515, 1516, 1517, 1518, 1519, 1520, 1521",2025-08-29 21:03:19,2025-08-29 00:00:00,$41.65,$45.40,$87.05
401,7,"1522, 1523, 1524, 1525, 1526, 1527, 1528",2025-08-30 19:38:51,2025-08-30 00:00:00,$25.05,$32.05,$57.10
402,20,"1529, 1530, 1531, 1532, 1533, 1534, 1535, 1536, 1537, 1538, 1539, 1540, 1541, 1542, 1543, 1544, 1545, 1546, 1547, 1548",2025-09-01 20:35:08,2025-09-01 00:00:00,$758.75,$113.75,$872.50
403,19,"1529, 1530, 1531, 1532, 1533, 1534, 1535, 1536, 1537, 1538, 1539, 1540, 1541, 1542, 1543, 1544, 1545, 1547, 1548",2025-09-01 20:43:41,2025-09-01 00:00:00,$178.75,$83.75,$262.50
404,19,"1529, 1530, 1531, 1532, 1533, 1534, 1535, 1536, 1537, 1538, 1539, 1540, 1541, 1542, 1543, 1544, 1545, 1547, 1548",2025-09-01 20:48:25,2025-09-01 00:00:00,$178.75,$83.75,$262.50
405,1,1549,2025-09-01 21:37:06,2025-09-01 00:00:00,$580.00,$30.00,$610.00
406,3,"1550, 1551, 1552",2025-09-02 12:54:56,2025-09-02 00:00:00,$6.00,$10.00,$16.00
407,4,"1550, 1551, 1552, 1553",2025-09-02 13:08:09,2025-09-02 00:00:00,$7.50,$13.50,$21.00
408,5,"1550, 1551, 1552, 1553, 1554",2025-09-02 13:48:29,2025-09-02 00:00:00,$8.50,$16.50,$25.00
409,6,"1550, 1551, 1552, 1553, 1554, 1555",2025-09-02 14:00:21,2025-09-02 00:00:00,$25.50,$24.50,$50.00
410,6,"1550, 1551, 1552, 1553, 1554, 1555",2025-09-02 15:18:44,2025-09-02 00:00:00,$25.50,$24.50,$50.00
411,7,"1550, 1551, 1552, 1553, 1554, 1555, 1556",2025-09-02 16:05:07,2025-09-02 00:00:00,$27.00,$31.00,$58.00
412,8,"1550, 1551, 1552, 1553, 1554, 1555, 1556, 1557",2025-09-02 16:05:49,2025-09-02 00:00:00,$172.00,$46.00,$218.00
413,12,"1550, 1551, 1552, 1553, 1554, 1555, 1556, 1557, 1558, 1559, 1560, 1561",2025-09-02 18:18:21,2025-09-02 00:00:00,$185.00,$71.00,$256.00
414,12,"1550, 1551, 1552, 1553, 1554, 1555, 1556, 1557, 1558, 1559, 1560, 1561",2025-09-02 18:22:31,2025-09-02 00:00:00,$185.00,$71.00,$256.00
415,3,"1562, 1563, 1564",2025-09-02 21:56:22,2025-09-02 00:00:00,$298.50,$15.50,$314.00
416,7,"1565, 1566, 1567, 1568, 1569, 1570, 1571",2025-09-03 16:02:08,2025-09-03 00:00:00,$25.85,$18.48,$44.33
417,1,1572,2025-09-03 17:18:15,2025-09-03 00:00:00,$1.50,$1.50,$3.00
418,5,"1573, 1574, 1575, 1576, 1577",2025-09-03 19:10:11,2025-09-03 00:00:00,$9.95,$21.05,$31.00
419,8,"1578, 1579, 1580, 1581, 1582, 1583, 1584, 1585",2025-09-04 14:48:19,2025-09-04 00:00:00,$147.25,$36.25,$183.50
420,7,"1586, 1587, 1588, 1589, 1590, 1591, 1592",2025-09-04 20:39:59,2025-09-04 00:00:00,$153.75,$47.05,$200.80
421,6,"1593, 1594, 1595, 1596, 1597, 1598",2025-09-04 22:13:59,2025-09-04 00:00:00,$95.25,$0.75,$96.00
422,19,"1604, 1605, 1606, 1607, 1608, 1609, 1610, 1611, 1612, 1613, 1614, 1615, 1616, 1617, 1599, 1600, 1601, 1602, 1603",2025-09-05 18:45:53,2025-09-05 00:00:00,$359.44,$72.50,$431.94
423,10,"1618, 1619, 1620, 1621, 1622, 1623, 1624, 1625, 1626, 1627",2025-09-06 18:51:14,2025-09-06 00:00:00,$153.45,$60.35,$213.80
424,11,"1628, 1629, 1630, 1631, 1632, 1633, 1634, 1635, 1636, 1637, 1638",2025-09-08 20:03:20,2025-09-08 00:00:00,$58.28,$28.28,$86.56
425,10,"1639, 1640, 1641, 1642, 1643, 1644, 1645, 1646, 1647, 1648",2025-09-08 20:08:23,2025-09-08 00:00:00,$64.10,$45.90,$110.00
426,1,1649,2025-09-08 20:26:39,2025-09-08 00:00:00,"$1,090.00",$20.00,"$1,110.00"
427,4,"1650, 1651, 1652, 1653",2025-09-09 10:06:58,2025-09-09 00:00:00,$35.20,$2.59,$37.79
428,14,"1650, 1651, 1652, 1653, 1654, 1655, 1656, 1657, 1658, 1659, 1660, 1661, 1662, 1663",2025-09-09 11:42:26,2025-09-09 00:00:00,$54.25,$30.34,$84.59
429,8,"1664, 1665, 1666, 1667, 1668, 1669, 1670, 1671",2025-09-09 17:00:03,2025-09-09 00:00:00,$977.11,$79.89,"$1,057.00"
430,5,"1676, 1672, 1673, 1674, 1675",2025-09-10 20:30:30,2025-09-09 00:00:00,$32.75,$39.25,$72.00
431,16,"1677, 1678, 1679, 1680, 1681, 1682, 1683, 1684, 1685, 1686, 1687, 1688, 1689, 1690, 1691, 1692",2025-09-10 20:30:42,2025-09-10 00:00:00,$97.72,$67.69,$165.41
432,2,"1693, 1694",2025-09-10 21:59:04,2025-09-10 00:00:00,$179.00,$13.00,$192.00
433,6,"1695, 1696, 1697, 1698, 1699, 1700",2025-09-11 17:47:38,2025-09-11 00:00:00,$14.88,$23.58,$38.46
434,3,"1701, 1702, 1703",2025-09-11 19:23:50,2025-09-11 00:00:00,$28.20,$24.60,$52.80
435,3,"1704, 1705, 1706",2025-09-11 22:13:53,2025-09-11 00:00:00,$4.98,$11.02,$16.00
436,1,1707,2025-09-12 16:30:05,2025-09-12 00:00:00,$12.50,$10.50,$23.00
437,2,"1708, 1709",2025-09-12 19:40:04,2025-09-12 00:00:00,$19.00,$26.00,$45.00
438,16,"1710, 1711, 1712, 1713, 1714, 1715, 1716, 1717, 1718, 1719, 1720, 1721, 1722, 1723, 1724, 1725",2025-09-13 14:48:10,2025-09-13 00:00:00,$106.22,$77.68,$183.90
439,2,"1726, 1727",2025-09-13 17:11:09,2025-09-13 00:00:00,$18.60,$8.60,$27.20
440,6,"1728, 1729, 1730, 1731, 1732, 1733",2025-09-13 20:57:58,2025-09-13 00:00:00,$70.30,$24.25,$94.55
441,11,"1734, 1735, 1736, 1737, 1738, 1739, 1740, 1741, 1742, 1743, 1744",2025-09-15 15:24:52,2025-09-15 00:00:00,$72.54,$43.95,$116.49
442,11,"1745, 1746, 1747, 1748, 1749, 1750, 1751, 1752, 1753, 1754, 1755",2025-09-15 20:15:31,2025-09-15 00:00:00,$51.90,$56.20,$108.10
443,14,"1756, 1757, 1758, 1759, 1760, 1761, 1762, 1763, 1764, 1765, 1766, 1767, 1768, 1769",2025-09-16 19:01:38,2025-09-16 00:00:00,$268.68,$86.98,$355.66
444,3,"1770, 1771, 1772",2025-09-17 11:40:19,2025-09-17 00:00:00,$14.95,$11.45,$26.40
445,3,"1770, 1771, 1772",2025-09-17 11:40:25,2025-09-17 00:00:00,$14.95,$11.45,$26.40
446,14,"1773, 1774, 1775, 1776, 1777, 1778, 1779, 1780, 1781, 1782, 1783, 1784, 1785, 1786",2025-09-17 20:29:19,2025-09-17 00:00:00,$83.40,$70.70,$154.10
447,1,1787,2025-09-18 12:30:10,2025-09-18 00:00:00,$1.00,$5.00,$6.00
448,5,"1788, 1789, 1790, 1791, 1792",2025-09-18 15:02:35,2025-09-18 00:00:00,$19.50,$20.50,$40.00
449,6,"1793, 1794, 1795, 1796, 1797, 1798",2025-09-18 18:15:59,2025-09-18 00:00:00,$123.20,$41.60,$164.80
450,2,"1799, 1800",2025-09-18 19:24:26,2025-09-18 00:00:00,$11.00,$16.00,$27.00
451,1,1801,2025-09-18 20:28:25,2025-09-18 00:00:00,$1.75,$8.25,$10.00
452,3,"1802, 1803, 1804",2025-09-19 14:03:25,2025-09-19 00:00:00,$59.05,$25.95,$85.00
453,2,"1805, 1806",2025-09-19 15:41:24,2025-09-19 00:00:00,$13.20,$9.60,$22.80
454,7,"1807, 1808, 1809, 1810, 1811, 1812, 1813",2025-09-19 21:07:32,2025-09-19 00:00:00,$149.08,$37.98,$187.06
455,26,"1814, 1815, 1816, 1817, 1818, 1819, 1820, 1821, 1822, 1823, 1824, 1825, 1826, 1827, 1828, 1829, 1830, 1831, 1832, 1833, 1834, 1835, 1836, 1837, 1838, 1839",2025-09-20 17:58:00,2025-09-20 00:00:00,$128.86,$109.20,$238.06
456,5,"1840, 1841, 1842, 1843, 1844",2025-09-22 10:44:36,2025-09-20 00:00:00,$382.10,$14.90,$397.00
457,5,"1845, 1846, 1847, 1848, 1849",2025-09-22 10:44:49,2025-09-22 00:00:00,$187.70,$20.10,$207.80
458,9,"1850, 1851, 1852, 1853, 1854, 1855, 1856, 1857, 1858",2025-09-22 16:59:26,2025-09-22 00:00:00,$37.70,$43.80,$81.50
459,4,"1859, 1860, 1861, 1862",2025-09-22 19:52:46,2025-09-22 00:00:00,$25.70,$29.30,$55.00
460,3,"1863, 1864, 1865",2025-09-22 20:53:13,2025-09-22 00:00:00,$376.60,$13.40,$390.00
461,11,"1866, 1867, 1868, 1869, 1870, 1871, 1872, 1873, 1874, 1875, 1876",2025-09-23 19:20:56,2025-09-23 00:00:00,$66.50,$63.60,$130.10
462,3,"1877, 1878, 1879",2025-09-23 22:50:27,2025-09-23 00:00:00,$41.50,$6.50,$48.00
463,4,"1880, 1881, 1882, 1883",2025-09-24 10:58:28,2025-09-24 00:00:00,$17.00,$14.00,$31.00
464,7,"1884, 1885, 1886, 1887, 1888, 1889, 1890",2025-09-24 14:50:30,2025-09-24 00:00:00,$21.74,$33.28,$55.02
465,5,"1891, 1892, 1893, 1894, 1895",2025-09-24 16:19:44,2025-09-24 00:00:00,$8.50,$21.50,$30.00
466,13,"1896, 1897, 1898, 1899, 1900, 1901, 1902, 1903, 1904, 1905, 1906, 1907, 1908",2025-09-24 18:51:03,2025-09-24 00:00:00,$200.67,$79.63,$280.30
467,1,1909,2025-09-24 19:53:15,2025-09-24 00:00:00,$1.50,$3.50,$5.00
468,1,1910,2025-09-24 22:10:09,2025-09-24 00:00:00,$1.44,$0.19,$1.63
469,4,"1911, 1912, 1913, 1914",2025-09-25 12:40:35,2025-09-25 00:00:00,$38.50,$33.50,$72.00
470,1,1915,2025-09-25 14:14:42,2025-09-25 00:00:00,$9.50,$12.50,$22.00
471,2,"1916, 1917",2025-09-25 15:50:10,2025-09-25 00:00:00,$59.55,$9.45,$69.00
472,8,"1918, 1919, 1920, 1921, 1922, 1923, 1924, 1925",2025-09-25 19:39:48,2025-09-25 00:00:00,$64.05,$24.15,$88.20
473,6,"1926, 1927, 1928, 1929, 1930, 1931",2025-09-25 20:31:24,2025-09-25 00:00:00,$33.28,$9.80,$43.08
474,7,"1932, 1933, 1934, 1935, 1936, 1937, 1938",2025-09-26 14:59:35,2025-09-26 00:00:00,$22.60,$34.00,$56.60
475,4,"1939, 1940, 1941, 1942",2025-09-26 19:11:22,2025-09-26 00:00:00,$6.40,$17.10,$23.50
476,16,"1943, 1944, 1945, 1946, 1947, 1948, 1949, 1950, 1951, 1952, 1953, 1954, 1955, 1956, 1957, 1958",2025-09-27 16:04:24,2025-09-27 00:00:00,$43.82,$78.72,$122.54
477,1,1959,2025-09-27 18:18:01,2025-09-27 00:00:00,$0.65,$5.35,$6.00
478,2,"1960, 1961",2025-09-27 19:20:35,2025-09-27 00:00:00,$23.50,$9.50,$33.00
479,5,"1962, 1963, 1964, 1965, 1966",2025-09-29 15:16:25,2025-09-29 00:00:00,$18.81,$22.19,$41.00
480,4,"1967, 1968, 1969, 1970",2025-09-29 16:17:18,2025-09-29 00:00:00,$515.00,$51.00,$566.00
481,4,"1971, 1972, 1973, 1974",2025-09-29 18:14:48,2025-09-29 00:00:00,$149.30,$12.70,$162.00
482,1,1975,2025-09-29 19:15:58,2025-09-29 00:00:00,$1.75,$1.25,$3.00
483,1,1976,2025-09-29 20:08:38,2025-09-29 00:00:00,$4.40,$1.20,$5.60
484,1,1977,2025-09-30 09:12:03,2025-09-30 00:00:00,$9.50,$10.50,$20.00
485,5,"1978, 1979, 1980, 1981, 1982",2025-09-30 12:04:50,2025-09-30 00:00:00,$62.16,$13.64,$75.80
486,10,"1983, 1984, 1985, 1986, 1987, 1988, 1989, 1990, 1991, 1992",2025-09-30 13:19:42,2025-09-30 00:00:00,$40.30,$51.70,$92.00
487,1,1993,2025-09-30 13:38:16,2025-09-30 00:00:00,$275.00,$35.00,$310.00
488,2,"1994, 1995",2025-09-30 14:48:05,2025-09-30 00:00:00,$3.70,$4.10,$7.80
489,3,"1996, 1997, 1998",2025-09-30 19:56:33,2025-09-30 00:00:00,$14.37,$18.63,$33.00
490,2,"1999, 2000",2025-09-30 20:00:09,2025-09-30 00:00:00,$10.00,$15.00,$25.00
491,2,"2001, 2002",2025-09-30 20:07:31,2025-09-30 00:00:00,$110.00,$17.00,$127.00
492,2,"2003, 2004",2025-10-01 12:18:42,2025-10-01 00:00:00,$25.50,$14.50,$40.00
493,19,"2005, 2006, 2007, 2008, 2009, 2010, 2011, 2012, 2013, 2014, 2015, 2016, 2017, 2018, 2019, 2020, 2021, 2022, 2023",2025-10-01 17:17:21,2025-10-01 00:00:00,$135.78,$83.32,$219.10
494,5,"2024, 2025, 2026, 2027, 2028",2025-10-01 19:13:38,2025-10-01 00:00:00,"$1,268.40",$20.90,"$1,289.30"
495,3,"2029, 2030, 2031",2025-10-01 20:40:02,2025-10-01 00:00:00,$44.50,$28.50,$73.00
496,1,2032,2025-10-02 10:34:38,2025-10-02 00:00:00,$3.50,$8.50,$12.00
497,25,"2033, 2034, 2035, 2036, 2037, 2038, 2039, 2040, 2041, 2042, 2043, 2044, 2045, 2046, 2047, 2048, 2049, 2050, 2051, 2052, 2053, 2054, 2055, 2056, 2057",2025-10-02 20:51:36,2025-10-02 00:00:00,$96.10,$109.76,$205.86
498,16,"2058, 2059, 2060, 2061, 2062, 2063, 2064, 2065, 2066, 2067, 2068, 2069, 2070, 2071, 2072, 2073",2025-10-03 16:46:05,2025-10-03 00:00:00,$928.13,$228.03,"$1,156.16"
499,8,"2074, 2075, 2076, 2077, 2078, 2079, 2080, 2081",2025-10-03 20:03:33,2025-10-03 00:00:00,$182.00,$86.00,$268.00
500,9,"2082, 2083, 2084, 2085, 2086, 2087, 2088, 2089, 2090",2025-10-04 11:22:52,2025-10-04 00:00:00,$72.87,$66.13,$139.00
501,4,"2091, 2092, 2093, 2094",2025-10-04 13:08:08,2025-10-04 00:00:00,$10.65,$21.95,$32.60
502,5,"2095, 2096, 2097, 2098, 2099",2025-10-04 14:32:06,2025-10-04 00:00:00,$27.00,$27.00,$54.00
503,1,2100,2025-10-04 14:58:50,2025-10-04 00:00:00,$8.00,$7.00,$15.00
504,3,"2101, 2102, 2103",2025-10-04 19:58:45,2025-10-04 00:00:00,$29.60,$10.40,$40.00
505,6,"2104, 2105, 2106, 2107, 2108, 2109",2025-10-06 09:29:04,2025-10-06 00:00:00,$143.93,$23.77,$167.70
506,4,"2110, 2111, 2112, 2113",2025-10-06 14:32:40,2025-10-06 00:00:00,$33.12,$24.88,$58.00
507,3,"2114, 2115, 2116",2025-10-06 15:36:31,2025-10-06 00:00:00,$10.60,$9.30,$19.90
508,17,"2117, 2118, 2119, 2120, 2121, 2122, 2123, 2124, 2125, 2126, 2127, 2128, 2129, 2130, 2131, 2132, 2133",2025-10-06 20:10:00,2025-10-06 00:00:00,$304.50,$111.00,$415.50
509,9,"2134, 2135, 2136, 2137, 2138, 2139, 2140, 2141, 2142",2025-10-07 14:01:32,2025-10-07 00:00:00,$51.20,$34.60,$85.80
510,4,"2143, 2144, 2145, 2146",2025-10-07 19:54:31,2025-10-07 00:00:00,$581.00,$62.00,$643.00
511,1,2147,2025-10-07 20:18:13,2025-10-07 00:00:00,$1.75,$6.25,$8.00
512,7,"2148, 2149, 2150, 2151, 2152, 2153, 2154",1899-12-30 13:26:17,2025-10-08 00:00:00,$170.02,$50.58,$220.60
513,1,2155,1899-12-30 15:29:44,2025-10-08 00:00:00,$3.00,$7.00,$10.00
514,3,"2156, 2157, 2158",1899-12-30 18:13:05,2025-10-08 00:00:00,$9.39,$11.50,$20.89
515,1,2159,1899-12-30 18:50:55,2025-10-08 00:00:00,$3.75,$8.25,$12.00
516,2,"2159, 2160",1899-12-30 19:56:04,2025-10-08 00:00:00,$5.95,$8.50,$14.45
517,5,"2161, 2162, 2163, 2164, 2165",1899-12-30 14:20:10,2025-10-09 00:00:00,$79.50,$38.30,$117.80
518,3,"2166, 2167, 2168",1899-12-30 19:47:42,2025-10-09 00:00:00,$27.95,$8.05,$36.00
519,11,"2169, 2170, 2171, 2172, 2173, 2174, 2175, 2176, 2177, 2178, 2179",1899-12-30 14:17:09,2025-10-10 00:00:00,$364.90,$47.48,$412.38
520,1,2180,1899-12-30 17:34:27,2025-10-10 00:00:00,$15.00,$10.00,$25.00
521,1,2181,1899-12-30 18:41:32,2025-10-10 00:00:00,$1.50,$5.50,$7.00
522,1,2182,1899-12-30 19:31:46,2025-10-10 00:00:00,$2.20,$0.60,$2.80
523,4,"2183, 2184, 2185, 2186",1899-12-30 20:33:49,2025-10-10 00:00:00,$6.15,$14.35,$20.50
524,23,"2187, 2188, 2189, 2190, 2191, 2192, 2193, 2194, 2195, 2196, 2197, 2198, 2199, 2200, 2201, 2202, 2203, 2204, 2205, 2206, 2207, 2208, 2209",1899-12-30 20:22:49,2025-10-11 00:00:00,$107.90,$139.70,$247.60
525,2,"2210, 2211",1899-12-30 16:52:55,2025-10-11 00:00:00,$90.00,$32.00,$122.00
526,5,"2212, 2213, 2214, 2215, 2216",1899-12-30 16:52:57,2025-10-13 00:00:00,$16.20,$17.80,$34.00
527,8,"2212, 2213, 2214, 2215, 2216, 2217, 2218, 2219",1899-12-30 23:01:04,2025-10-13 00:00:00,$29.10,$32.90,$62.00
528,4,"2220, 2221, 2222, 2223",1899-12-30 10:20:23,2025-10-14 00:00:00,$85.75,$68.25,$154.00
529,13,"2224, 2225, 2226, 2227, 2228, 2229, 2230, 2231, 2232, 2233, 2234, 2235, 2236",1899-12-30 19:52:52,2025-10-14 00:00:00,$76.27,$26.50,$102.77
530,3,"2237, 2238, 2239",1899-12-30 11:51:18,2025-10-15 00:00:00,$22.25,$21.75,$44.00
531,2,"2240, 2241",1899-12-30 16:12:24,2025-10-15 00:00:00,$54.55,$12.45,$67.00
532,4,"2242, 2243, 2244, 2245",1899-12-30 18:05:01,2025-10-15 00:00:00,$37.19,$28.12,$65.31
533,1,2246,1899-12-30 18:49:34,2025-10-15 00:00:00,$4.40,$1.20,$5.60
534,1,2247,1899-12-30 20:16:54,2025-10-15 00:00:00,$1.50,$4.50,$6.00
535,4,"2248, 2249, 2250, 2251",1899-12-30 14:15:52,2025-10-16 00:00:00,$11.50,$30.50,$42.00
536,7,"2252, 2253, 2254, 2255, 2256, 2257, 2258",1899-12-30 17:59:30,2025-10-16 00:00:00,$11.85,$19.23,$31.07
537,2,"2259, 2260",1899-12-30 19:57:05,2025-10-16 00:00:00,$3.00,$7.00,$10.00
538,3,"2261, 2262, 2263",1899-12-30 12:43:07,2025-10-17 00:00:00,$21.60,$16.80,$38.40
539,3,"2264, 2265, 2266",1899-12-30 15:53:43,2025-10-17 00:00:00,$23.32,$19.37,$42.69
540,16,"2267, 2268, 2269, 2270, 2271, 2272, 2273, 2274, 2275, 2276, 2277, 2278, 2279, 2280, 2281, 2282",1899-12-30 20:34:45,2025-10-17 00:00:00,$178.34,$116.50,$294.84
541,11,"2283, 2284, 2285, 2286, 2287, 2288, 2289, 2290, 2291, 2292, 2293",1899-12-30 15:14:35,2025-10-18 00:00:00,$137.67,$20.79,$158.46
542,4,"2294, 2295, 2296, 2297",1899-12-30 19:40:57,2025-10-18 00:00:00,$9.25,$24.75,$34.00
543,11,"2298, 2299, 2300, 2301, 2302, 2303, 2304, 2305, 2306, 2307, 2308",1899-12-30 14:08:03,2025-10-20 00:00:00,$72.62,$16.93,$89.55
544,6,"2309, 2310, 2311, 2312, 2313, 2314",1899-12-30 17:04:36,2025-10-20 00:00:00,$50.40,$27.20,$77.60
545,3,"2315, 2316, 2317",1899-12-30 20:07:55,2025-10-20 00:00:00,$10.25,$14.75,$25.00
546,9,"2318, 2319, 2320, 2321, 2322, 2323, 2324, 2325, 2326",1899-12-30 13:01:39,2025-10-21 00:00:00,$304.80,$45.20,$350.00
547,1,2327,1899-12-30 13:03:48,2025-10-21 00:00:00,$2.20,$0.60,$2.80
548,1,2327,1899-12-30 13:03:52,2025-10-21 00:00:00,$2.20,$0.60,$2.80
549,3,"2328, 2329, 2330",1899-12-30 13:34:45,2025-10-21 00:00:00,$673.25,$29.75,$703.00
550,3,"2331, 2332, 2333",1899-12-30 16:07:22,2025-10-21 00:00:00,$38.00,$42.00,$80.00
551,8,"2334, 2335, 2336, 2337, 2338, 2339, 2340, 2341",1899-12-30 20:23:14,2025-10-21 00:00:00,$12.86,$15.66,$28.52
552,6,"2342, 2343, 2344, 2345, 2346, 2347",1899-12-30 14:04:35,2025-10-22 00:00:00,$31.95,$36.85,$68.80
553,1,2348,1899-12-30 16:43:45,2025-10-22 00:00:00,$1.00,$2.00,$3.00
554,4,"2349, 2350, 2351, 2352",1899-12-30 22:02:40,2025-10-22 00:00:00,$13.75,$20.25,$34.00
555,5,"2353, 2354, 2355, 2356, 2357",1899-12-30 13:27:16,2025-10-23 00:00:00,$12.10,$12.95,$25.05
556,4,"2358, 2359, 2360, 2361",1899-12-30 20:16:08,2025-10-23 00:00:00,$36.15,$37.45,$73.60
557,1,2362,1899-12-30 14:23:57,2025-10-23 00:00:00,$1.00,$4.00,$5.00
558,9,"2363, 2364, 2365, 2366, 2367, 2368, 2369, 2370, 2371",1899-12-30 14:23:59,2025-10-24 00:00:00,$63.42,$58.58,$122.00
559,3,"2372, 2373, 2374",1899-12-30 16:37:17,2025-10-24 00:00:00,$4.50,$6.30,$10.80
560,5,"2375, 2376, 2377, 2378, 2379",1899-12-30 19:42:50,2025-10-24 00:00:00,$45.75,$38.25,$84.00
561,1,2380,1899-12-30 20:07:26,2025-10-24 00:00:00,$4.40,$0.40,$4.80
562,1,2381,1899-12-30 12:17:55,2025-10-25 00:00:00,$2.20,$0.60,$2.80
563,1,2382,1899-12-30 13:31:29,2025-10-25 00:00:00,$9.00,$16.00,$25.00
564,2,"2383, 2384",1899-12-30 15:12:59,2025-10-25 00:00:00,$5.10,$16.90,$22.00
565,15,"2385, 2386, 2387, 2388, 2389, 2390, 2391, 2392, 2393, 2394, 2395, 2396, 2397, 2398, 2399",1899-12-30 20:09:26,2025-10-25 00:00:00,$105.70,$112.60,$218.30
566,6,"2400, 2401, 2402, 2403, 2404, 2405",1899-12-30 13:38:20,2025-10-27 00:00:00,$31.25,$21.75,$53.00
567,1,2406,1899-12-30 16:59:17,2025-10-27 00:00:00,$12.00,$10.00,$22.00
568,5,"2407, 2408, 2409, 2410, 2411",1899-12-30 18:19:39,2025-10-27 00:00:00,$57.20,$6.48,$63.68
569,1,2412,1899-12-30 19:11:08,2025-10-27 00:00:00,$0.80,$3.20,$4.00
570,10,"2413, 2414, 2415, 2416, 2417, 2418, 2419, 2420, 2421, 2422",1899-12-30 13:29:06,2025-10-28 00:00:00,$49.20,$44.10,$93.30
571,4,"2423, 2424, 2425, 2426",1899-12-30 15:50:28,2025-10-28 00:00:00,$10.00,$20.00,$30.00
572,2,"2427, 2428",1899-12-30 20:02:35,2025-10-28 00:00:00,$18.20,$14.60,$32.80
573,1,2429,1899-12-30 12:59:27,2025-10-29 00:00:00,$1.50,$5.50,$7.00
574,8,"2430, 2431, 2432, 2433, 2434, 2435, 2436, 2437",1899-12-30 20:17:18,2025-10-29 00:00:00,$33.45,$43.35,$76.80
575,6,"2438, 2439, 2440, 2441, 2442, 2443",1899-12-30 14:16:46,2025-10-30 00:00:00,$51.25,$47.75,$99.00
576,6,"2438, 2439, 2440, 2441, 2442, 2443",1899-12-30 14:16:50,2025-10-30 00:00:00,$51.25,$47.75,$99.00
577,3,"2444, 2445, 2446",1899-12-30 18:20:41,2025-10-30 00:00:00,$7.45,$8.35,$15.80
578,3,"2447, 2448, 2449",1899-12-30 20:12:24,2025-10-30 00:00:00,$28.20,$14.60,$42.80
579,1,2450,1899-12-30 11:08:45,2025-10-31 00:00:00,$0.70,$2.30,$3.00
580,6,"2451, 2452, 2453, 2454, 2455, 2456",1899-12-30 15:40:01,2025-10-31 00:00:00,$15.15,$33.65,$48.80
581,9,"2457, 2458, 2459, 2460, 2461, 2462, 2463, 2464, 2465",1899-12-30 00:06:16,2025-10-31 00:00:00,$67.05,$43.15,$110.20
582,11,"2466, 2467, 2468, 2469, 2470, 2471, 2472, 2473, 2474, 2475, 2476",1899-12-30 14:07:57,2025-11-01 00:00:00,$73.67,$46.33,$120.00
583,2,"2477, 2478",1899-12-30 15:14:25,2025-11-01 00:00:00,$13.50,$16.50,$30.00
584,8,"2479, 2480, 2481, 2482, 2483, 2484, 2485, 2486",1899-12-30 19:55:45,2025-11-01 00:00:00,$8.96,$17.06,$26.02
585,2,"2487, 2488",1899-12-30 09:49:38,2025-11-03 00:00:00,$77.40,$20.40,$97.80
586,8,"2489, 2490, 2491, 2492, 2493, 2494, 2495, 2496",1899-12-30 12:30:06,2025-11-03 00:00:00,$152.87,$52.13,$205.00
587,2,"2497, 2498",1899-12-30 16:55:08,2025-11-03 00:00:00,$5.70,$7.10,$12.80
588,2,"2499, 2500",1899-12-30 19:18:40,2025-11-03 00:00:00,$11.00,$3.00,$14.00
589,1,2501,1899-12-30 21:20:39,2025-11-03 00:00:00,$1.00,$4.00,$5.00
590,2,"2502, 2503",1899-12-30 09:33:56,2025-11-04 00:00:00,$16.00,$14.00,$30.00
591,5,"2504, 2505, 2506, 2507, 2508",1899-12-30 13:59:36,2025-11-04 00:00:00,$138.25,$43.75,$182.00
592,1,2509,1899-12-30 17:06:09,2025-11-04 00:00:00,$0.80,$2.20,$3.00
593,4,"2510, 2511, 2512, 2513",1899-12-30 20:32:40,2025-11-04 00:00:00,$187.25,$35.75,$223.00
